cohortDefinitionId,ruleSequence,personCount,gainCount,personTotal,modeId
311100000,5,0,0,0,0
311100000,2,0,0,0,0
311100000,6,0,0,0,0
311100000,3,0,0,0,0
311100000,4,0,0,0,0
311100000,1,0,0,0,0
311100000,0,0,0,0,0
311100000,5,0,0,0,1
311100000,2,0,0,0,1
311100000,6,0,0,0,1
311100000,3,0,0,0,1
311100000,4,0,0,0,1
311100000,1,0,0,0,1
311100000,0,0,0,0,1
311110000,2,0,0,0,0
311110000,1,0,0,0,0
311110000,6,0,0,0,0
311110000,3,0,0,0,0
311110000,4,0,0,0,0
311110000,0,0,0,0,0
311110000,7,0,0,0,0
311110000,5,0,0,0,0
311110000,2,0,0,0,1
311110000,1,0,0,0,1
311110000,6,0,0,0,1
311110000,3,0,0,0,1
311110000,4,0,0,0,1
311110000,0,0,0,0,1
311110000,7,0,0,0,1
311110000,5,0,0,0,1
311120000,2,0,0,0,0
311120000,1,0,0,0,0
311120000,6,0,0,0,0
311120000,3,0,0,0,0
311120000,4,0,0,0,0
311120000,0,0,0,0,0
311120000,7,0,0,0,0
311120000,5,0,0,0,0
311120000,2,0,0,0,1
311120000,1,0,0,0,1
311120000,6,0,0,0,1
311120000,3,0,0,0,1
311120000,4,0,0,0,1
311120000,0,0,0,0,1
311120000,7,0,0,0,1
311120000,5,0,0,0,1
311130000,2,0,0,0,0
311130000,1,0,0,0,0
311130000,6,0,0,0,0
311130000,3,0,0,0,0
311130000,4,0,0,0,0
311130000,0,0,0,0,0
311130000,7,0,0,0,0
311130000,5,0,0,0,0
311130000,2,0,0,0,1
311130000,1,0,0,0,1
311130000,6,0,0,0,1
311130000,3,0,0,0,1
311130000,4,0,0,0,1
311130000,0,0,0,0,1
311130000,7,0,0,0,1
311130000,5,0,0,0,1
311100010,2,0,0,0,0
311100010,1,0,0,0,0
311100010,6,0,0,0,0
311100010,3,0,0,0,0
311100010,4,0,0,0,0
311100010,0,0,0,0,0
311100010,7,0,0,0,0
311100010,5,0,0,0,0
311100010,2,0,0,0,1
311100010,1,0,0,0,1
311100010,6,0,0,0,1
311100010,3,0,0,0,1
311100010,4,0,0,0,1
311100010,0,0,0,0,1
311100010,7,0,0,0,1
311100010,5,0,0,0,1
311100020,2,0,0,0,0
311100020,1,0,0,0,0
311100020,6,0,0,0,0
311100020,3,0,0,0,0
311100020,4,0,0,0,0
311100020,0,0,0,0,0
311100020,7,0,0,0,0
311100020,5,0,0,0,0
311100020,2,0,0,0,1
311100020,1,0,0,0,1
311100020,6,0,0,0,1
311100020,3,0,0,0,1
311100020,4,0,0,0,1
311100020,0,0,0,0,1
311100020,7,0,0,0,1
311100020,5,0,0,0,1
311101000,2,0,0,0,0
311101000,1,0,0,0,0
311101000,6,0,0,0,0
311101000,3,0,0,0,0
311101000,4,0,0,0,0
311101000,0,0,0,0,0
311101000,7,0,0,0,0
311101000,5,0,0,0,0
311101000,2,0,0,0,1
311101000,1,0,0,0,1
311101000,6,0,0,0,1
311101000,3,0,0,0,1
311101000,4,0,0,0,1
311101000,0,0,0,0,1
311101000,7,0,0,0,1
311101000,5,0,0,0,1
311102000,2,0,0,0,0
311102000,1,0,0,0,0
311102000,6,0,0,0,0
311102000,3,0,0,0,0
311102000,4,0,0,0,0
311102000,0,0,0,0,0
311102000,7,0,0,0,0
311102000,5,0,0,0,0
311102000,2,0,0,0,1
311102000,1,0,0,0,1
311102000,6,0,0,0,1
311102000,3,0,0,0,1
311102000,4,0,0,0,1
311102000,0,0,0,0,1
311102000,7,0,0,0,1
311102000,5,0,0,0,1
311100100,2,0,0,0,0
311100100,1,0,0,0,0
311100100,6,0,0,0,0
311100100,3,0,0,0,0
311100100,4,0,0,0,0
311100100,0,0,0,0,0
311100100,7,0,0,0,0
311100100,5,0,0,0,0
311100100,2,0,0,0,1
311100100,1,0,0,0,1
311100100,6,0,0,0,1
311100100,3,0,0,0,1
311100100,4,0,0,0,1
311100100,0,0,0,0,1
311100100,7,0,0,0,1
311100100,5,0,0,0,1
311100001,2,0,0,0,0
311100001,1,0,0,0,0
311100001,6,0,0,0,0
311100001,3,0,0,0,0
311100001,4,0,0,0,0
311100001,0,0,0,0,0
311100001,7,0,0,0,0
311100001,5,0,0,0,0
311100001,2,0,0,0,1
311100001,1,0,0,0,1
311100001,6,0,0,0,1
311100001,3,0,0,0,1
311100001,4,0,0,0,1
311100001,0,0,0,0,1
311100001,7,0,0,0,1
311100001,5,0,0,0,1
311100002,2,0,0,0,0
311100002,1,0,0,0,0
311100002,6,0,0,0,0
311100002,3,0,0,0,0
311100002,4,0,0,0,0
311100002,0,0,0,0,0
311100002,7,0,0,0,0
311100002,5,0,0,0,0
311100002,2,0,0,0,1
311100002,1,0,0,0,1
311100002,6,0,0,0,1
311100002,3,0,0,0,1
311100002,4,0,0,0,1
311100002,0,0,0,0,1
311100002,7,0,0,0,1
311100002,5,0,0,0,1
312100000,5,0,0,0,0
312100000,2,0,0,0,0
312100000,6,0,0,0,0
312100000,3,0,0,0,0
312100000,4,0,0,0,0
312100000,1,0,0,0,0
312100000,0,0,0,0,0
312100000,5,0,0,0,1
312100000,2,0,0,0,1
312100000,6,0,0,0,1
312100000,3,0,0,0,1
312100000,4,0,0,0,1
312100000,1,0,0,0,1
312100000,0,0,0,0,1
312110000,2,0,0,0,0
312110000,1,0,0,0,0
312110000,6,0,0,0,0
312110000,3,0,0,0,0
312110000,4,0,0,0,0
312110000,0,0,0,0,0
312110000,7,0,0,0,0
312110000,5,0,0,0,0
312110000,2,0,0,0,1
312110000,1,0,0,0,1
312110000,6,0,0,0,1
312110000,3,0,0,0,1
312110000,4,0,0,0,1
312110000,0,0,0,0,1
312110000,7,0,0,0,1
312110000,5,0,0,0,1
312120000,2,0,0,0,0
312120000,1,0,0,0,0
312120000,6,0,0,0,0
312120000,3,0,0,0,0
312120000,4,0,0,0,0
312120000,0,0,0,0,0
312120000,7,0,0,0,0
312120000,5,0,0,0,0
312120000,2,0,0,0,1
312120000,1,0,0,0,1
312120000,6,0,0,0,1
312120000,3,0,0,0,1
312120000,4,0,0,0,1
312120000,0,0,0,0,1
312120000,7,0,0,0,1
312120000,5,0,0,0,1
312130000,2,0,0,0,0
312130000,1,0,0,0,0
312130000,6,0,0,0,0
312130000,3,0,0,0,0
312130000,4,0,0,0,0
312130000,0,0,0,0,0
312130000,7,0,0,0,0
312130000,5,0,0,0,0
312130000,2,0,0,0,1
312130000,1,0,0,0,1
312130000,6,0,0,0,1
312130000,3,0,0,0,1
312130000,4,0,0,0,1
312130000,0,0,0,0,1
312130000,7,0,0,0,1
312130000,5,0,0,0,1
312100010,2,0,0,0,0
312100010,1,0,0,0,0
312100010,6,0,0,0,0
312100010,3,0,0,0,0
312100010,4,0,0,0,0
312100010,0,0,0,0,0
312100010,7,0,0,0,0
312100010,5,0,0,0,0
312100010,2,0,0,0,1
312100010,1,0,0,0,1
312100010,6,0,0,0,1
312100010,3,0,0,0,1
312100010,4,0,0,0,1
312100010,0,0,0,0,1
312100010,7,0,0,0,1
312100010,5,0,0,0,1
312100020,2,0,0,0,0
312100020,1,0,0,0,0
312100020,6,0,0,0,0
312100020,3,0,0,0,0
312100020,4,0,0,0,0
312100020,0,0,0,0,0
312100020,7,0,0,0,0
312100020,5,0,0,0,0
312100020,2,0,0,0,1
312100020,1,0,0,0,1
312100020,6,0,0,0,1
312100020,3,0,0,0,1
312100020,4,0,0,0,1
312100020,0,0,0,0,1
312100020,7,0,0,0,1
312100020,5,0,0,0,1
312101000,2,0,0,0,0
312101000,1,0,0,0,0
312101000,6,0,0,0,0
312101000,3,0,0,0,0
312101000,4,0,0,0,0
312101000,0,0,0,0,0
312101000,7,0,0,0,0
312101000,5,0,0,0,0
312101000,2,0,0,0,1
312101000,1,0,0,0,1
312101000,6,0,0,0,1
312101000,3,0,0,0,1
312101000,4,0,0,0,1
312101000,0,0,0,0,1
312101000,7,0,0,0,1
312101000,5,0,0,0,1
312102000,2,0,0,0,0
312102000,1,0,0,0,0
312102000,6,0,0,0,0
312102000,3,0,0,0,0
312102000,4,0,0,0,0
312102000,0,0,0,0,0
312102000,7,0,0,0,0
312102000,5,0,0,0,0
312102000,2,0,0,0,1
312102000,1,0,0,0,1
312102000,6,0,0,0,1
312102000,3,0,0,0,1
312102000,4,0,0,0,1
312102000,0,0,0,0,1
312102000,7,0,0,0,1
312102000,5,0,0,0,1
312100100,2,0,0,0,0
312100100,1,0,0,0,0
312100100,6,0,0,0,0
312100100,3,0,0,0,0
312100100,4,0,0,0,0
312100100,0,0,0,0,0
312100100,7,0,0,0,0
312100100,5,0,0,0,0
312100100,2,0,0,0,1
312100100,1,0,0,0,1
312100100,6,0,0,0,1
312100100,3,0,0,0,1
312100100,4,0,0,0,1
312100100,0,0,0,0,1
312100100,7,0,0,0,1
312100100,5,0,0,0,1
312100001,2,0,0,0,0
312100001,1,0,0,0,0
312100001,6,0,0,0,0
312100001,3,0,0,0,0
312100001,4,0,0,0,0
312100001,0,0,0,0,0
312100001,7,0,0,0,0
312100001,5,0,0,0,0
312100001,2,0,0,0,1
312100001,1,0,0,0,1
312100001,6,0,0,0,1
312100001,3,0,0,0,1
312100001,4,0,0,0,1
312100001,0,0,0,0,1
312100001,7,0,0,0,1
312100001,5,0,0,0,1
312100002,2,0,0,0,0
312100002,1,0,0,0,0
312100002,6,0,0,0,0
312100002,3,0,0,0,0
312100002,4,0,0,0,0
312100002,0,0,0,0,0
312100002,7,0,0,0,0
312100002,5,0,0,0,0
312100002,2,0,0,0,1
312100002,1,0,0,0,1
312100002,6,0,0,0,1
312100002,3,0,0,0,1
312100002,4,0,0,0,1
312100002,0,0,0,0,1
312100002,7,0,0,0,1
312100002,5,0,0,0,1
311200000,5,0,0,0,0
311200000,2,0,0,0,0
311200000,6,0,0,0,0
311200000,3,0,0,0,0
311200000,4,0,0,0,0
311200000,1,0,0,0,0
311200000,0,0,0,0,0
311200000,5,0,0,0,1
311200000,2,0,0,0,1
311200000,6,0,0,0,1
311200000,3,0,0,0,1
311200000,4,0,0,0,1
311200000,1,0,0,0,1
311200000,0,0,0,0,1
311210000,2,0,0,0,0
311210000,1,0,0,0,0
311210000,6,0,0,0,0
311210000,3,0,0,0,0
311210000,4,0,0,0,0
311210000,0,0,0,0,0
311210000,7,0,0,0,0
311210000,5,0,0,0,0
311210000,2,0,0,0,1
311210000,1,0,0,0,1
311210000,6,0,0,0,1
311210000,3,0,0,0,1
311210000,4,0,0,0,1
311210000,0,0,0,0,1
311210000,7,0,0,0,1
311210000,5,0,0,0,1
311220000,2,0,0,0,0
311220000,1,0,0,0,0
311220000,6,0,0,0,0
311220000,3,0,0,0,0
311220000,4,0,0,0,0
311220000,0,0,0,0,0
311220000,7,0,0,0,0
311220000,5,0,0,0,0
311220000,2,0,0,0,1
311220000,1,0,0,0,1
311220000,6,0,0,0,1
311220000,3,0,0,0,1
311220000,4,0,0,0,1
311220000,0,0,0,0,1
311220000,7,0,0,0,1
311220000,5,0,0,0,1
311230000,2,0,0,0,0
311230000,1,0,0,0,0
311230000,6,0,0,0,0
311230000,3,0,0,0,0
311230000,4,0,0,0,0
311230000,0,0,0,0,0
311230000,7,0,0,0,0
311230000,5,0,0,0,0
311230000,2,0,0,0,1
311230000,1,0,0,0,1
311230000,6,0,0,0,1
311230000,3,0,0,0,1
311230000,4,0,0,0,1
311230000,0,0,0,0,1
311230000,7,0,0,0,1
311230000,5,0,0,0,1
311200010,2,0,0,0,0
311200010,1,0,0,0,0
311200010,6,0,0,0,0
311200010,3,0,0,0,0
311200010,4,0,0,0,0
311200010,0,0,0,0,0
311200010,7,0,0,0,0
311200010,5,0,0,0,0
311200010,2,0,0,0,1
311200010,1,0,0,0,1
311200010,6,0,0,0,1
311200010,3,0,0,0,1
311200010,4,0,0,0,1
311200010,0,0,0,0,1
311200010,7,0,0,0,1
311200010,5,0,0,0,1
311200020,2,0,0,0,0
311200020,1,0,0,0,0
311200020,6,0,0,0,0
311200020,3,0,0,0,0
311200020,4,0,0,0,0
311200020,0,0,0,0,0
311200020,7,0,0,0,0
311200020,5,0,0,0,0
311200020,2,0,0,0,1
311200020,1,0,0,0,1
311200020,6,0,0,0,1
311200020,3,0,0,0,1
311200020,4,0,0,0,1
311200020,0,0,0,0,1
311200020,7,0,0,0,1
311200020,5,0,0,0,1
311201000,2,0,0,0,0
311201000,1,0,0,0,0
311201000,6,0,0,0,0
311201000,3,0,0,0,0
311201000,4,0,0,0,0
311201000,0,0,0,0,0
311201000,7,0,0,0,0
311201000,5,0,0,0,0
311201000,2,0,0,0,1
311201000,1,0,0,0,1
311201000,6,0,0,0,1
311201000,3,0,0,0,1
311201000,4,0,0,0,1
311201000,0,0,0,0,1
311201000,7,0,0,0,1
311201000,5,0,0,0,1
311202000,2,0,0,0,0
311202000,1,0,0,0,0
311202000,6,0,0,0,0
311202000,3,0,0,0,0
311202000,4,0,0,0,0
311202000,0,0,0,0,0
311202000,7,0,0,0,0
311202000,5,0,0,0,0
311202000,2,0,0,0,1
311202000,1,0,0,0,1
311202000,6,0,0,0,1
311202000,3,0,0,0,1
311202000,4,0,0,0,1
311202000,0,0,0,0,1
311202000,7,0,0,0,1
311202000,5,0,0,0,1
311200100,2,0,0,0,0
311200100,1,0,0,0,0
311200100,6,0,0,0,0
311200100,3,0,0,0,0
311200100,4,0,0,0,0
311200100,0,0,0,0,0
311200100,7,0,0,0,0
311200100,5,0,0,0,0
311200100,2,0,0,0,1
311200100,1,0,0,0,1
311200100,6,0,0,0,1
311200100,3,0,0,0,1
311200100,4,0,0,0,1
311200100,0,0,0,0,1
311200100,7,0,0,0,1
311200100,5,0,0,0,1
311200001,2,0,0,0,0
311200001,1,0,0,0,0
311200001,6,0,0,0,0
311200001,3,0,0,0,0
311200001,4,0,0,0,0
311200001,0,0,0,0,0
311200001,7,0,0,0,0
311200001,5,0,0,0,0
311200001,2,0,0,0,1
311200001,1,0,0,0,1
311200001,6,0,0,0,1
311200001,3,0,0,0,1
311200001,4,0,0,0,1
311200001,0,0,0,0,1
311200001,7,0,0,0,1
311200001,5,0,0,0,1
311200002,2,0,0,0,0
311200002,1,0,0,0,0
311200002,6,0,0,0,0
311200002,3,0,0,0,0
311200002,4,0,0,0,0
311200002,0,0,0,0,0
311200002,7,0,0,0,0
311200002,5,0,0,0,0
311200002,2,0,0,0,1
311200002,1,0,0,0,1
311200002,6,0,0,0,1
311200002,3,0,0,0,1
311200002,4,0,0,0,1
311200002,0,0,0,0,1
311200002,7,0,0,0,1
311200002,5,0,0,0,1
312200000,5,0,0,0,0
312200000,2,0,0,0,0
312200000,6,0,0,0,0
312200000,3,0,0,0,0
312200000,4,0,0,0,0
312200000,1,0,0,0,0
312200000,0,0,0,0,0
312200000,5,0,0,0,1
312200000,2,0,0,0,1
312200000,6,0,0,0,1
312200000,3,0,0,0,1
312200000,4,0,0,0,1
312200000,1,0,0,0,1
312200000,0,0,0,0,1
312210000,2,0,0,0,0
312210000,1,0,0,0,0
312210000,6,0,0,0,0
312210000,3,0,0,0,0
312210000,4,0,0,0,0
312210000,0,0,0,0,0
312210000,7,0,0,0,0
312210000,5,0,0,0,0
312210000,2,0,0,0,1
312210000,1,0,0,0,1
312210000,6,0,0,0,1
312210000,3,0,0,0,1
312210000,4,0,0,0,1
312210000,0,0,0,0,1
312210000,7,0,0,0,1
312210000,5,0,0,0,1
312220000,2,0,0,0,0
312220000,1,0,0,0,0
312220000,6,0,0,0,0
312220000,3,0,0,0,0
312220000,4,0,0,0,0
312220000,0,0,0,0,0
312220000,7,0,0,0,0
312220000,5,0,0,0,0
312220000,2,0,0,0,1
312220000,1,0,0,0,1
312220000,6,0,0,0,1
312220000,3,0,0,0,1
312220000,4,0,0,0,1
312220000,0,0,0,0,1
312220000,7,0,0,0,1
312220000,5,0,0,0,1
312230000,2,0,0,0,0
312230000,1,0,0,0,0
312230000,6,0,0,0,0
312230000,3,0,0,0,0
312230000,4,0,0,0,0
312230000,0,0,0,0,0
312230000,7,0,0,0,0
312230000,5,0,0,0,0
312230000,2,0,0,0,1
312230000,1,0,0,0,1
312230000,6,0,0,0,1
312230000,3,0,0,0,1
312230000,4,0,0,0,1
312230000,0,0,0,0,1
312230000,7,0,0,0,1
312230000,5,0,0,0,1
312200010,2,0,0,0,0
312200010,1,0,0,0,0
312200010,6,0,0,0,0
312200010,3,0,0,0,0
312200010,4,0,0,0,0
312200010,0,0,0,0,0
312200010,7,0,0,0,0
312200010,5,0,0,0,0
312200010,2,0,0,0,1
312200010,1,0,0,0,1
312200010,6,0,0,0,1
312200010,3,0,0,0,1
312200010,4,0,0,0,1
312200010,0,0,0,0,1
312200010,7,0,0,0,1
312200010,5,0,0,0,1
312200020,2,0,0,0,0
312200020,1,0,0,0,0
312200020,6,0,0,0,0
312200020,3,0,0,0,0
312200020,4,0,0,0,0
312200020,0,0,0,0,0
312200020,7,0,0,0,0
312200020,5,0,0,0,0
312200020,2,0,0,0,1
312200020,1,0,0,0,1
312200020,6,0,0,0,1
312200020,3,0,0,0,1
312200020,4,0,0,0,1
312200020,0,0,0,0,1
312200020,7,0,0,0,1
312200020,5,0,0,0,1
312201000,2,0,0,0,0
312201000,1,0,0,0,0
312201000,6,0,0,0,0
312201000,3,0,0,0,0
312201000,4,0,0,0,0
312201000,0,0,0,0,0
312201000,7,0,0,0,0
312201000,5,0,0,0,0
312201000,2,0,0,0,1
312201000,1,0,0,0,1
312201000,6,0,0,0,1
312201000,3,0,0,0,1
312201000,4,0,0,0,1
312201000,0,0,0,0,1
312201000,7,0,0,0,1
312201000,5,0,0,0,1
312202000,2,0,0,0,0
312202000,1,0,0,0,0
312202000,6,0,0,0,0
312202000,3,0,0,0,0
312202000,4,0,0,0,0
312202000,0,0,0,0,0
312202000,7,0,0,0,0
312202000,5,0,0,0,0
312202000,2,0,0,0,1
312202000,1,0,0,0,1
312202000,6,0,0,0,1
312202000,3,0,0,0,1
312202000,4,0,0,0,1
312202000,0,0,0,0,1
312202000,7,0,0,0,1
312202000,5,0,0,0,1
312200100,2,0,0,0,0
312200100,1,0,0,0,0
312200100,6,0,0,0,0
312200100,3,0,0,0,0
312200100,4,0,0,0,0
312200100,0,0,0,0,0
312200100,7,0,0,0,0
312200100,5,0,0,0,0
312200100,2,0,0,0,1
312200100,1,0,0,0,1
312200100,6,0,0,0,1
312200100,3,0,0,0,1
312200100,4,0,0,0,1
312200100,0,0,0,0,1
312200100,7,0,0,0,1
312200100,5,0,0,0,1
312200001,2,0,0,0,0
312200001,1,0,0,0,0
312200001,6,0,0,0,0
312200001,3,0,0,0,0
312200001,4,0,0,0,0
312200001,0,0,0,0,0
312200001,7,0,0,0,0
312200001,5,0,0,0,0
312200001,2,0,0,0,1
312200001,1,0,0,0,1
312200001,6,0,0,0,1
312200001,3,0,0,0,1
312200001,4,0,0,0,1
312200001,0,0,0,0,1
312200001,7,0,0,0,1
312200001,5,0,0,0,1
312200002,2,0,0,0,0
312200002,1,0,0,0,0
312200002,6,0,0,0,0
312200002,3,0,0,0,0
312200002,4,0,0,0,0
312200002,0,0,0,0,0
312200002,7,0,0,0,0
312200002,5,0,0,0,0
312200002,2,0,0,0,1
312200002,1,0,0,0,1
312200002,6,0,0,0,1
312200002,3,0,0,0,1
312200002,4,0,0,0,1
312200002,0,0,0,0,1
312200002,7,0,0,0,1
312200002,5,0,0,0,1
321100000,5,0,0,0,0
321100000,2,0,0,0,0
321100000,6,0,0,0,0
321100000,3,0,0,0,0
321100000,4,0,0,0,0
321100000,1,0,0,0,0
321100000,0,0,0,0,0
321100000,5,0,0,0,1
321100000,2,0,0,0,1
321100000,6,0,0,0,1
321100000,3,0,0,0,1
321100000,4,0,0,0,1
321100000,1,0,0,0,1
321100000,0,0,0,0,1
321110000,2,0,0,0,0
321110000,1,0,0,0,0
321110000,6,0,0,0,0
321110000,3,0,0,0,0
321110000,4,0,0,0,0
321110000,0,0,0,0,0
321110000,7,0,0,0,0
321110000,5,0,0,0,0
321110000,2,0,0,0,1
321110000,1,0,0,0,1
321110000,6,0,0,0,1
321110000,3,0,0,0,1
321110000,4,0,0,0,1
321110000,0,0,0,0,1
321110000,7,0,0,0,1
321110000,5,0,0,0,1
321120000,2,0,0,0,0
321120000,1,0,0,0,0
321120000,6,0,0,0,0
321120000,3,0,0,0,0
321120000,4,0,0,0,0
321120000,0,0,0,0,0
321120000,7,0,0,0,0
321120000,5,0,0,0,0
321120000,2,0,0,0,1
321120000,1,0,0,0,1
321120000,6,0,0,0,1
321120000,3,0,0,0,1
321120000,4,0,0,0,1
321120000,0,0,0,0,1
321120000,7,0,0,0,1
321120000,5,0,0,0,1
321130000,2,0,0,0,0
321130000,1,0,0,0,0
321130000,6,0,0,0,0
321130000,3,0,0,0,0
321130000,4,0,0,0,0
321130000,0,0,0,0,0
321130000,7,0,0,0,0
321130000,5,0,0,0,0
321130000,2,0,0,0,1
321130000,1,0,0,0,1
321130000,6,0,0,0,1
321130000,3,0,0,0,1
321130000,4,0,0,0,1
321130000,0,0,0,0,1
321130000,7,0,0,0,1
321130000,5,0,0,0,1
321100010,2,0,0,0,0
321100010,1,0,0,0,0
321100010,6,0,0,0,0
321100010,3,0,0,0,0
321100010,4,0,0,0,0
321100010,0,0,0,0,0
321100010,7,0,0,0,0
321100010,5,0,0,0,0
321100010,2,0,0,0,1
321100010,1,0,0,0,1
321100010,6,0,0,0,1
321100010,3,0,0,0,1
321100010,4,0,0,0,1
321100010,0,0,0,0,1
321100010,7,0,0,0,1
321100010,5,0,0,0,1
321100020,2,0,0,0,0
321100020,1,0,0,0,0
321100020,6,0,0,0,0
321100020,3,0,0,0,0
321100020,4,0,0,0,0
321100020,0,0,0,0,0
321100020,7,0,0,0,0
321100020,5,0,0,0,0
321100020,2,0,0,0,1
321100020,1,0,0,0,1
321100020,6,0,0,0,1
321100020,3,0,0,0,1
321100020,4,0,0,0,1
321100020,0,0,0,0,1
321100020,7,0,0,0,1
321100020,5,0,0,0,1
321101000,2,0,0,0,0
321101000,1,0,0,0,0
321101000,6,0,0,0,0
321101000,3,0,0,0,0
321101000,4,0,0,0,0
321101000,0,0,0,0,0
321101000,7,0,0,0,0
321101000,5,0,0,0,0
321101000,2,0,0,0,1
321101000,1,0,0,0,1
321101000,6,0,0,0,1
321101000,3,0,0,0,1
321101000,4,0,0,0,1
321101000,0,0,0,0,1
321101000,7,0,0,0,1
321101000,5,0,0,0,1
321102000,2,0,0,0,0
321102000,1,0,0,0,0
321102000,6,0,0,0,0
321102000,3,0,0,0,0
321102000,4,0,0,0,0
321102000,0,0,0,0,0
321102000,7,0,0,0,0
321102000,5,0,0,0,0
321102000,2,0,0,0,1
321102000,1,0,0,0,1
321102000,6,0,0,0,1
321102000,3,0,0,0,1
321102000,4,0,0,0,1
321102000,0,0,0,0,1
321102000,7,0,0,0,1
321102000,5,0,0,0,1
321100100,2,0,0,0,0
321100100,1,0,0,0,0
321100100,6,0,0,0,0
321100100,3,0,0,0,0
321100100,4,0,0,0,0
321100100,0,0,0,0,0
321100100,7,0,0,0,0
321100100,5,0,0,0,0
321100100,2,0,0,0,1
321100100,1,0,0,0,1
321100100,6,0,0,0,1
321100100,3,0,0,0,1
321100100,4,0,0,0,1
321100100,0,0,0,0,1
321100100,7,0,0,0,1
321100100,5,0,0,0,1
321100001,2,0,0,0,0
321100001,1,0,0,0,0
321100001,6,0,0,0,0
321100001,3,0,0,0,0
321100001,4,0,0,0,0
321100001,0,0,0,0,0
321100001,7,0,0,0,0
321100001,5,0,0,0,0
321100001,2,0,0,0,1
321100001,1,0,0,0,1
321100001,6,0,0,0,1
321100001,3,0,0,0,1
321100001,4,0,0,0,1
321100001,0,0,0,0,1
321100001,7,0,0,0,1
321100001,5,0,0,0,1
321100002,2,0,0,0,0
321100002,1,0,0,0,0
321100002,6,0,0,0,0
321100002,3,0,0,0,0
321100002,4,0,0,0,0
321100002,0,0,0,0,0
321100002,7,0,0,0,0
321100002,5,0,0,0,0
321100002,2,0,0,0,1
321100002,1,0,0,0,1
321100002,6,0,0,0,1
321100002,3,0,0,0,1
321100002,4,0,0,0,1
321100002,0,0,0,0,1
321100002,7,0,0,0,1
321100002,5,0,0,0,1
322100000,5,0,0,0,0
322100000,2,0,0,0,0
322100000,6,0,0,0,0
322100000,3,0,0,0,0
322100000,4,0,0,0,0
322100000,1,0,0,0,0
322100000,0,0,0,0,0
322100000,5,0,0,0,1
322100000,2,0,0,0,1
322100000,6,0,0,0,1
322100000,3,0,0,0,1
322100000,4,0,0,0,1
322100000,1,0,0,0,1
322100000,0,0,0,0,1
322110000,2,0,0,0,0
322110000,1,0,0,0,0
322110000,6,0,0,0,0
322110000,3,0,0,0,0
322110000,4,0,0,0,0
322110000,0,0,0,0,0
322110000,7,0,0,0,0
322110000,5,0,0,0,0
322110000,2,0,0,0,1
322110000,1,0,0,0,1
322110000,6,0,0,0,1
322110000,3,0,0,0,1
322110000,4,0,0,0,1
322110000,0,0,0,0,1
322110000,7,0,0,0,1
322110000,5,0,0,0,1
322120000,2,0,0,0,0
322120000,1,0,0,0,0
322120000,6,0,0,0,0
322120000,3,0,0,0,0
322120000,4,0,0,0,0
322120000,0,0,0,0,0
322120000,7,0,0,0,0
322120000,5,0,0,0,0
322120000,2,0,0,0,1
322120000,1,0,0,0,1
322120000,6,0,0,0,1
322120000,3,0,0,0,1
322120000,4,0,0,0,1
322120000,0,0,0,0,1
322120000,7,0,0,0,1
322120000,5,0,0,0,1
322130000,2,0,0,0,0
322130000,1,0,0,0,0
322130000,6,0,0,0,0
322130000,3,0,0,0,0
322130000,4,0,0,0,0
322130000,0,0,0,0,0
322130000,7,0,0,0,0
322130000,5,0,0,0,0
322130000,2,0,0,0,1
322130000,1,0,0,0,1
322130000,6,0,0,0,1
322130000,3,0,0,0,1
322130000,4,0,0,0,1
322130000,0,0,0,0,1
322130000,7,0,0,0,1
322130000,5,0,0,0,1
322100010,2,0,0,0,0
322100010,1,0,0,0,0
322100010,6,0,0,0,0
322100010,3,0,0,0,0
322100010,4,0,0,0,0
322100010,0,0,0,0,0
322100010,7,0,0,0,0
322100010,5,0,0,0,0
322100010,2,0,0,0,1
322100010,1,0,0,0,1
322100010,6,0,0,0,1
322100010,3,0,0,0,1
322100010,4,0,0,0,1
322100010,0,0,0,0,1
322100010,7,0,0,0,1
322100010,5,0,0,0,1
322100020,2,0,0,0,0
322100020,1,0,0,0,0
322100020,6,0,0,0,0
322100020,3,0,0,0,0
322100020,4,0,0,0,0
322100020,0,0,0,0,0
322100020,7,0,0,0,0
322100020,5,0,0,0,0
322100020,2,0,0,0,1
322100020,1,0,0,0,1
322100020,6,0,0,0,1
322100020,3,0,0,0,1
322100020,4,0,0,0,1
322100020,0,0,0,0,1
322100020,7,0,0,0,1
322100020,5,0,0,0,1
322101000,2,0,0,0,0
322101000,1,0,0,0,0
322101000,6,0,0,0,0
322101000,3,0,0,0,0
322101000,4,0,0,0,0
322101000,0,0,0,0,0
322101000,7,0,0,0,0
322101000,5,0,0,0,0
322101000,2,0,0,0,1
322101000,1,0,0,0,1
322101000,6,0,0,0,1
322101000,3,0,0,0,1
322101000,4,0,0,0,1
322101000,0,0,0,0,1
322101000,7,0,0,0,1
322101000,5,0,0,0,1
322102000,2,0,0,0,0
322102000,1,0,0,0,0
322102000,6,0,0,0,0
322102000,3,0,0,0,0
322102000,4,0,0,0,0
322102000,0,0,0,0,0
322102000,7,0,0,0,0
322102000,5,0,0,0,0
322102000,2,0,0,0,1
322102000,1,0,0,0,1
322102000,6,0,0,0,1
322102000,3,0,0,0,1
322102000,4,0,0,0,1
322102000,0,0,0,0,1
322102000,7,0,0,0,1
322102000,5,0,0,0,1
322100100,2,0,0,0,0
322100100,1,0,0,0,0
322100100,6,0,0,0,0
322100100,3,0,0,0,0
322100100,4,0,0,0,0
322100100,0,0,0,0,0
322100100,7,0,0,0,0
322100100,5,0,0,0,0
322100100,2,0,0,0,1
322100100,1,0,0,0,1
322100100,6,0,0,0,1
322100100,3,0,0,0,1
322100100,4,0,0,0,1
322100100,0,0,0,0,1
322100100,7,0,0,0,1
322100100,5,0,0,0,1
322100001,2,0,0,0,0
322100001,1,0,0,0,0
322100001,6,0,0,0,0
322100001,3,0,0,0,0
322100001,4,0,0,0,0
322100001,0,0,0,0,0
322100001,7,0,0,0,0
322100001,5,0,0,0,0
322100001,2,0,0,0,1
322100001,1,0,0,0,1
322100001,6,0,0,0,1
322100001,3,0,0,0,1
322100001,4,0,0,0,1
322100001,0,0,0,0,1
322100001,7,0,0,0,1
322100001,5,0,0,0,1
322100002,2,0,0,0,0
322100002,1,0,0,0,0
322100002,6,0,0,0,0
322100002,3,0,0,0,0
322100002,4,0,0,0,0
322100002,0,0,0,0,0
322100002,7,0,0,0,0
322100002,5,0,0,0,0
322100002,2,0,0,0,1
322100002,1,0,0,0,1
322100002,6,0,0,0,1
322100002,3,0,0,0,1
322100002,4,0,0,0,1
322100002,0,0,0,0,1
322100002,7,0,0,0,1
322100002,5,0,0,0,1
321200000,5,0,0,0,0
321200000,2,0,0,0,0
321200000,6,0,0,0,0
321200000,3,0,0,0,0
321200000,4,0,0,0,0
321200000,1,0,0,0,0
321200000,0,0,0,0,0
321200000,5,0,0,0,1
321200000,2,0,0,0,1
321200000,6,0,0,0,1
321200000,3,0,0,0,1
321200000,4,0,0,0,1
321200000,1,0,0,0,1
321200000,0,0,0,0,1
321210000,2,0,0,0,0
321210000,1,0,0,0,0
321210000,6,0,0,0,0
321210000,3,0,0,0,0
321210000,4,0,0,0,0
321210000,0,0,0,0,0
321210000,7,0,0,0,0
321210000,5,0,0,0,0
321210000,2,0,0,0,1
321210000,1,0,0,0,1
321210000,6,0,0,0,1
321210000,3,0,0,0,1
321210000,4,0,0,0,1
321210000,0,0,0,0,1
321210000,7,0,0,0,1
321210000,5,0,0,0,1
321220000,2,0,0,0,0
321220000,1,0,0,0,0
321220000,6,0,0,0,0
321220000,3,0,0,0,0
321220000,4,0,0,0,0
321220000,0,0,0,0,0
321220000,7,0,0,0,0
321220000,5,0,0,0,0
321220000,2,0,0,0,1
321220000,1,0,0,0,1
321220000,6,0,0,0,1
321220000,3,0,0,0,1
321220000,4,0,0,0,1
321220000,0,0,0,0,1
321220000,7,0,0,0,1
321220000,5,0,0,0,1
321230000,2,0,0,0,0
321230000,1,0,0,0,0
321230000,6,0,0,0,0
321230000,3,0,0,0,0
321230000,4,0,0,0,0
321230000,0,0,0,0,0
321230000,7,0,0,0,0
321230000,5,0,0,0,0
321230000,2,0,0,0,1
321230000,1,0,0,0,1
321230000,6,0,0,0,1
321230000,3,0,0,0,1
321230000,4,0,0,0,1
321230000,0,0,0,0,1
321230000,7,0,0,0,1
321230000,5,0,0,0,1
321200010,2,0,0,0,0
321200010,1,0,0,0,0
321200010,6,0,0,0,0
321200010,3,0,0,0,0
321200010,4,0,0,0,0
321200010,0,0,0,0,0
321200010,7,0,0,0,0
321200010,5,0,0,0,0
321200010,2,0,0,0,1
321200010,1,0,0,0,1
321200010,6,0,0,0,1
321200010,3,0,0,0,1
321200010,4,0,0,0,1
321200010,0,0,0,0,1
321200010,7,0,0,0,1
321200010,5,0,0,0,1
321200020,2,0,0,0,0
321200020,1,0,0,0,0
321200020,6,0,0,0,0
321200020,3,0,0,0,0
321200020,4,0,0,0,0
321200020,0,0,0,0,0
321200020,7,0,0,0,0
321200020,5,0,0,0,0
321200020,2,0,0,0,1
321200020,1,0,0,0,1
321200020,6,0,0,0,1
321200020,3,0,0,0,1
321200020,4,0,0,0,1
321200020,0,0,0,0,1
321200020,7,0,0,0,1
321200020,5,0,0,0,1
321201000,2,0,0,0,0
321201000,1,0,0,0,0
321201000,6,0,0,0,0
321201000,3,0,0,0,0
321201000,4,0,0,0,0
321201000,0,0,0,0,0
321201000,7,0,0,0,0
321201000,5,0,0,0,0
321201000,2,0,0,0,1
321201000,1,0,0,0,1
321201000,6,0,0,0,1
321201000,3,0,0,0,1
321201000,4,0,0,0,1
321201000,0,0,0,0,1
321201000,7,0,0,0,1
321201000,5,0,0,0,1
321202000,2,0,0,0,0
321202000,1,0,0,0,0
321202000,6,0,0,0,0
321202000,3,0,0,0,0
321202000,4,0,0,0,0
321202000,0,0,0,0,0
321202000,7,0,0,0,0
321202000,5,0,0,0,0
321202000,2,0,0,0,1
321202000,1,0,0,0,1
321202000,6,0,0,0,1
321202000,3,0,0,0,1
321202000,4,0,0,0,1
321202000,0,0,0,0,1
321202000,7,0,0,0,1
321202000,5,0,0,0,1
321200100,2,0,0,0,0
321200100,1,0,0,0,0
321200100,6,0,0,0,0
321200100,3,0,0,0,0
321200100,4,0,0,0,0
321200100,0,0,0,0,0
321200100,7,0,0,0,0
321200100,5,0,0,0,0
321200100,2,0,0,0,1
321200100,1,0,0,0,1
321200100,6,0,0,0,1
321200100,3,0,0,0,1
321200100,4,0,0,0,1
321200100,0,0,0,0,1
321200100,7,0,0,0,1
321200100,5,0,0,0,1
321200001,2,0,0,0,0
321200001,1,0,0,0,0
321200001,6,0,0,0,0
321200001,3,0,0,0,0
321200001,4,0,0,0,0
321200001,0,0,0,0,0
321200001,7,0,0,0,0
321200001,5,0,0,0,0
321200001,2,0,0,0,1
321200001,1,0,0,0,1
321200001,6,0,0,0,1
321200001,3,0,0,0,1
321200001,4,0,0,0,1
321200001,0,0,0,0,1
321200001,7,0,0,0,1
321200001,5,0,0,0,1
321200002,2,0,0,0,0
321200002,1,0,0,0,0
321200002,6,0,0,0,0
321200002,3,0,0,0,0
321200002,4,0,0,0,0
321200002,0,0,0,0,0
321200002,7,0,0,0,0
321200002,5,0,0,0,0
321200002,2,0,0,0,1
321200002,1,0,0,0,1
321200002,6,0,0,0,1
321200002,3,0,0,0,1
321200002,4,0,0,0,1
321200002,0,0,0,0,1
321200002,7,0,0,0,1
321200002,5,0,0,0,1
322200000,5,0,0,0,0
322200000,2,0,0,0,0
322200000,6,0,0,0,0
322200000,3,0,0,0,0
322200000,4,0,0,0,0
322200000,1,0,0,0,0
322200000,0,0,0,0,0
322200000,5,0,0,0,1
322200000,2,0,0,0,1
322200000,6,0,0,0,1
322200000,3,0,0,0,1
322200000,4,0,0,0,1
322200000,1,0,0,0,1
322200000,0,0,0,0,1
322210000,2,0,0,0,0
322210000,1,0,0,0,0
322210000,6,0,0,0,0
322210000,3,0,0,0,0
322210000,4,0,0,0,0
322210000,0,0,0,0,0
322210000,7,0,0,0,0
322210000,5,0,0,0,0
322210000,2,0,0,0,1
322210000,1,0,0,0,1
322210000,6,0,0,0,1
322210000,3,0,0,0,1
322210000,4,0,0,0,1
322210000,0,0,0,0,1
322210000,7,0,0,0,1
322210000,5,0,0,0,1
322220000,2,0,0,0,0
322220000,1,0,0,0,0
322220000,6,0,0,0,0
322220000,3,0,0,0,0
322220000,4,0,0,0,0
322220000,0,0,0,0,0
322220000,7,0,0,0,0
322220000,5,0,0,0,0
322220000,2,0,0,0,1
322220000,1,0,0,0,1
322220000,6,0,0,0,1
322220000,3,0,0,0,1
322220000,4,0,0,0,1
322220000,0,0,0,0,1
322220000,7,0,0,0,1
322220000,5,0,0,0,1
322230000,2,0,0,0,0
322230000,1,0,0,0,0
322230000,6,0,0,0,0
322230000,3,0,0,0,0
322230000,4,0,0,0,0
322230000,0,0,0,0,0
322230000,7,0,0,0,0
322230000,5,0,0,0,0
322230000,2,0,0,0,1
322230000,1,0,0,0,1
322230000,6,0,0,0,1
322230000,3,0,0,0,1
322230000,4,0,0,0,1
322230000,0,0,0,0,1
322230000,7,0,0,0,1
322230000,5,0,0,0,1
322200010,2,0,0,0,0
322200010,1,0,0,0,0
322200010,6,0,0,0,0
322200010,3,0,0,0,0
322200010,4,0,0,0,0
322200010,0,0,0,0,0
322200010,7,0,0,0,0
322200010,5,0,0,0,0
322200010,2,0,0,0,1
322200010,1,0,0,0,1
322200010,6,0,0,0,1
322200010,3,0,0,0,1
322200010,4,0,0,0,1
322200010,0,0,0,0,1
322200010,7,0,0,0,1
322200010,5,0,0,0,1
322200020,2,0,0,0,0
322200020,1,0,0,0,0
322200020,6,0,0,0,0
322200020,3,0,0,0,0
322200020,4,0,0,0,0
322200020,0,0,0,0,0
322200020,7,0,0,0,0
322200020,5,0,0,0,0
322200020,2,0,0,0,1
322200020,1,0,0,0,1
322200020,6,0,0,0,1
322200020,3,0,0,0,1
322200020,4,0,0,0,1
322200020,0,0,0,0,1
322200020,7,0,0,0,1
322200020,5,0,0,0,1
322201000,2,0,0,0,0
322201000,1,0,0,0,0
322201000,6,0,0,0,0
322201000,3,0,0,0,0
322201000,4,0,0,0,0
322201000,0,0,0,0,0
322201000,7,0,0,0,0
322201000,5,0,0,0,0
322201000,2,0,0,0,1
322201000,1,0,0,0,1
322201000,6,0,0,0,1
322201000,3,0,0,0,1
322201000,4,0,0,0,1
322201000,0,0,0,0,1
322201000,7,0,0,0,1
322201000,5,0,0,0,1
322202000,2,0,0,0,0
322202000,1,0,0,0,0
322202000,6,0,0,0,0
322202000,3,0,0,0,0
322202000,4,0,0,0,0
322202000,0,0,0,0,0
322202000,7,0,0,0,0
322202000,5,0,0,0,0
322202000,2,0,0,0,1
322202000,1,0,0,0,1
322202000,6,0,0,0,1
322202000,3,0,0,0,1
322202000,4,0,0,0,1
322202000,0,0,0,0,1
322202000,7,0,0,0,1
322202000,5,0,0,0,1
322200100,2,0,0,0,0
322200100,1,0,0,0,0
322200100,6,0,0,0,0
322200100,3,0,0,0,0
322200100,4,0,0,0,0
322200100,0,0,0,0,0
322200100,7,0,0,0,0
322200100,5,0,0,0,0
322200100,2,0,0,0,1
322200100,1,0,0,0,1
322200100,6,0,0,0,1
322200100,3,0,0,0,1
322200100,4,0,0,0,1
322200100,0,0,0,0,1
322200100,7,0,0,0,1
322200100,5,0,0,0,1
322200001,2,0,0,0,0
322200001,1,0,0,0,0
322200001,6,0,0,0,0
322200001,3,0,0,0,0
322200001,4,0,0,0,0
322200001,0,0,0,0,0
322200001,7,0,0,0,0
322200001,5,0,0,0,0
322200001,2,0,0,0,1
322200001,1,0,0,0,1
322200001,6,0,0,0,1
322200001,3,0,0,0,1
322200001,4,0,0,0,1
322200001,0,0,0,0,1
322200001,7,0,0,0,1
322200001,5,0,0,0,1
322200002,2,0,0,0,0
322200002,1,0,0,0,0
322200002,6,0,0,0,0
322200002,3,0,0,0,0
322200002,4,0,0,0,0
322200002,0,0,0,0,0
322200002,7,0,0,0,0
322200002,5,0,0,0,0
322200002,2,0,0,0,1
322200002,1,0,0,0,1
322200002,6,0,0,0,1
322200002,3,0,0,0,1
322200002,4,0,0,0,1
322200002,0,0,0,0,1
322200002,7,0,0,0,1
322200002,5,0,0,0,1
331100000,5,0,0,0,0
331100000,2,0,0,0,0
331100000,6,0,0,0,0
331100000,3,0,0,0,0
331100000,4,0,0,0,0
331100000,1,0,0,0,0
331100000,0,0,0,0,0
331100000,5,0,0,0,1
331100000,2,0,0,0,1
331100000,6,0,0,0,1
331100000,3,0,0,0,1
331100000,4,0,0,0,1
331100000,1,0,0,0,1
331100000,0,0,0,0,1
331110000,2,0,0,0,0
331110000,1,0,0,0,0
331110000,6,0,0,0,0
331110000,3,0,0,0,0
331110000,4,0,0,0,0
331110000,0,0,0,0,0
331110000,7,0,0,0,0
331110000,5,0,0,0,0
331110000,2,0,0,0,1
331110000,1,0,0,0,1
331110000,6,0,0,0,1
331110000,3,0,0,0,1
331110000,4,0,0,0,1
331110000,0,0,0,0,1
331110000,7,0,0,0,1
331110000,5,0,0,0,1
331120000,2,0,0,0,0
331120000,1,0,0,0,0
331120000,6,0,0,0,0
331120000,3,0,0,0,0
331120000,4,0,0,0,0
331120000,0,0,0,0,0
331120000,7,0,0,0,0
331120000,5,0,0,0,0
331120000,2,0,0,0,1
331120000,1,0,0,0,1
331120000,6,0,0,0,1
331120000,3,0,0,0,1
331120000,4,0,0,0,1
331120000,0,0,0,0,1
331120000,7,0,0,0,1
331120000,5,0,0,0,1
331130000,2,0,0,0,0
331130000,1,0,0,0,0
331130000,6,0,0,0,0
331130000,3,0,0,0,0
331130000,4,0,0,0,0
331130000,0,0,0,0,0
331130000,7,0,0,0,0
331130000,5,0,0,0,0
331130000,2,0,0,0,1
331130000,1,0,0,0,1
331130000,6,0,0,0,1
331130000,3,0,0,0,1
331130000,4,0,0,0,1
331130000,0,0,0,0,1
331130000,7,0,0,0,1
331130000,5,0,0,0,1
331100010,2,0,0,0,0
331100010,1,0,0,0,0
331100010,6,0,0,0,0
331100010,3,0,0,0,0
331100010,4,0,0,0,0
331100010,0,0,0,0,0
331100010,7,0,0,0,0
331100010,5,0,0,0,0
331100010,2,0,0,0,1
331100010,1,0,0,0,1
331100010,6,0,0,0,1
331100010,3,0,0,0,1
331100010,4,0,0,0,1
331100010,0,0,0,0,1
331100010,7,0,0,0,1
331100010,5,0,0,0,1
331100020,2,0,0,0,0
331100020,1,0,0,0,0
331100020,6,0,0,0,0
331100020,3,0,0,0,0
331100020,4,0,0,0,0
331100020,0,0,0,0,0
331100020,7,0,0,0,0
331100020,5,0,0,0,0
331100020,2,0,0,0,1
331100020,1,0,0,0,1
331100020,6,0,0,0,1
331100020,3,0,0,0,1
331100020,4,0,0,0,1
331100020,0,0,0,0,1
331100020,7,0,0,0,1
331100020,5,0,0,0,1
331101000,2,0,0,0,0
331101000,1,0,0,0,0
331101000,6,0,0,0,0
331101000,3,0,0,0,0
331101000,4,0,0,0,0
331101000,0,0,0,0,0
331101000,7,0,0,0,0
331101000,5,0,0,0,0
331101000,2,0,0,0,1
331101000,1,0,0,0,1
331101000,6,0,0,0,1
331101000,3,0,0,0,1
331101000,4,0,0,0,1
331101000,0,0,0,0,1
331101000,7,0,0,0,1
331101000,5,0,0,0,1
331102000,2,0,0,0,0
331102000,1,0,0,0,0
331102000,6,0,0,0,0
331102000,3,0,0,0,0
331102000,4,0,0,0,0
331102000,0,0,0,0,0
331102000,7,0,0,0,0
331102000,5,0,0,0,0
331102000,2,0,0,0,1
331102000,1,0,0,0,1
331102000,6,0,0,0,1
331102000,3,0,0,0,1
331102000,4,0,0,0,1
331102000,0,0,0,0,1
331102000,7,0,0,0,1
331102000,5,0,0,0,1
331100100,2,0,0,0,0
331100100,1,0,0,0,0
331100100,6,0,0,0,0
331100100,3,0,0,0,0
331100100,4,0,0,0,0
331100100,0,0,0,0,0
331100100,7,0,0,0,0
331100100,5,0,0,0,0
331100100,2,0,0,0,1
331100100,1,0,0,0,1
331100100,6,0,0,0,1
331100100,3,0,0,0,1
331100100,4,0,0,0,1
331100100,0,0,0,0,1
331100100,7,0,0,0,1
331100100,5,0,0,0,1
331100001,2,0,0,0,0
331100001,1,0,0,0,0
331100001,6,0,0,0,0
331100001,3,0,0,0,0
331100001,4,0,0,0,0
331100001,0,0,0,0,0
331100001,7,0,0,0,0
331100001,5,0,0,0,0
331100001,2,0,0,0,1
331100001,1,0,0,0,1
331100001,6,0,0,0,1
331100001,3,0,0,0,1
331100001,4,0,0,0,1
331100001,0,0,0,0,1
331100001,7,0,0,0,1
331100001,5,0,0,0,1
331100002,2,0,0,0,0
331100002,1,0,0,0,0
331100002,6,0,0,0,0
331100002,3,0,0,0,0
331100002,4,0,0,0,0
331100002,0,0,0,0,0
331100002,7,0,0,0,0
331100002,5,0,0,0,0
331100002,2,0,0,0,1
331100002,1,0,0,0,1
331100002,6,0,0,0,1
331100002,3,0,0,0,1
331100002,4,0,0,0,1
331100002,0,0,0,0,1
331100002,7,0,0,0,1
331100002,5,0,0,0,1
332100000,5,0,0,0,0
332100000,2,0,0,0,0
332100000,6,0,0,0,0
332100000,3,0,0,0,0
332100000,4,0,0,0,0
332100000,1,0,0,0,0
332100000,0,0,0,0,0
332100000,5,0,0,0,1
332100000,2,0,0,0,1
332100000,6,0,0,0,1
332100000,3,0,0,0,1
332100000,4,0,0,0,1
332100000,1,0,0,0,1
332100000,0,0,0,0,1
332110000,2,0,0,0,0
332110000,1,0,0,0,0
332110000,6,0,0,0,0
332110000,3,0,0,0,0
332110000,4,0,0,0,0
332110000,0,0,0,0,0
332110000,7,0,0,0,0
332110000,5,0,0,0,0
332110000,2,0,0,0,1
332110000,1,0,0,0,1
332110000,6,0,0,0,1
332110000,3,0,0,0,1
332110000,4,0,0,0,1
332110000,0,0,0,0,1
332110000,7,0,0,0,1
332110000,5,0,0,0,1
332120000,2,0,0,0,0
332120000,1,0,0,0,0
332120000,6,0,0,0,0
332120000,3,0,0,0,0
332120000,4,0,0,0,0
332120000,0,0,0,0,0
332120000,7,0,0,0,0
332120000,5,0,0,0,0
332120000,2,0,0,0,1
332120000,1,0,0,0,1
332120000,6,0,0,0,1
332120000,3,0,0,0,1
332120000,4,0,0,0,1
332120000,0,0,0,0,1
332120000,7,0,0,0,1
332120000,5,0,0,0,1
332130000,2,0,0,0,0
332130000,1,0,0,0,0
332130000,6,0,0,0,0
332130000,3,0,0,0,0
332130000,4,0,0,0,0
332130000,0,0,0,0,0
332130000,7,0,0,0,0
332130000,5,0,0,0,0
332130000,2,0,0,0,1
332130000,1,0,0,0,1
332130000,6,0,0,0,1
332130000,3,0,0,0,1
332130000,4,0,0,0,1
332130000,0,0,0,0,1
332130000,7,0,0,0,1
332130000,5,0,0,0,1
332100010,2,0,0,0,0
332100010,1,0,0,0,0
332100010,6,0,0,0,0
332100010,3,0,0,0,0
332100010,4,0,0,0,0
332100010,0,0,0,0,0
332100010,7,0,0,0,0
332100010,5,0,0,0,0
332100010,2,0,0,0,1
332100010,1,0,0,0,1
332100010,6,0,0,0,1
332100010,3,0,0,0,1
332100010,4,0,0,0,1
332100010,0,0,0,0,1
332100010,7,0,0,0,1
332100010,5,0,0,0,1
332100020,2,0,0,0,0
332100020,1,0,0,0,0
332100020,6,0,0,0,0
332100020,3,0,0,0,0
332100020,4,0,0,0,0
332100020,0,0,0,0,0
332100020,7,0,0,0,0
332100020,5,0,0,0,0
332100020,2,0,0,0,1
332100020,1,0,0,0,1
332100020,6,0,0,0,1
332100020,3,0,0,0,1
332100020,4,0,0,0,1
332100020,0,0,0,0,1
332100020,7,0,0,0,1
332100020,5,0,0,0,1
332101000,2,0,0,0,0
332101000,1,0,0,0,0
332101000,6,0,0,0,0
332101000,3,0,0,0,0
332101000,4,0,0,0,0
332101000,0,0,0,0,0
332101000,7,0,0,0,0
332101000,5,0,0,0,0
332101000,2,0,0,0,1
332101000,1,0,0,0,1
332101000,6,0,0,0,1
332101000,3,0,0,0,1
332101000,4,0,0,0,1
332101000,0,0,0,0,1
332101000,7,0,0,0,1
332101000,5,0,0,0,1
332102000,2,0,0,0,0
332102000,1,0,0,0,0
332102000,6,0,0,0,0
332102000,3,0,0,0,0
332102000,4,0,0,0,0
332102000,0,0,0,0,0
332102000,7,0,0,0,0
332102000,5,0,0,0,0
332102000,2,0,0,0,1
332102000,1,0,0,0,1
332102000,6,0,0,0,1
332102000,3,0,0,0,1
332102000,4,0,0,0,1
332102000,0,0,0,0,1
332102000,7,0,0,0,1
332102000,5,0,0,0,1
332100100,2,0,0,0,0
332100100,1,0,0,0,0
332100100,6,0,0,0,0
332100100,3,0,0,0,0
332100100,4,0,0,0,0
332100100,0,0,0,0,0
332100100,7,0,0,0,0
332100100,5,0,0,0,0
332100100,2,0,0,0,1
332100100,1,0,0,0,1
332100100,6,0,0,0,1
332100100,3,0,0,0,1
332100100,4,0,0,0,1
332100100,0,0,0,0,1
332100100,7,0,0,0,1
332100100,5,0,0,0,1
332100001,2,0,0,0,0
332100001,1,0,0,0,0
332100001,6,0,0,0,0
332100001,3,0,0,0,0
332100001,4,0,0,0,0
332100001,0,0,0,0,0
332100001,7,0,0,0,0
332100001,5,0,0,0,0
332100001,2,0,0,0,1
332100001,1,0,0,0,1
332100001,6,0,0,0,1
332100001,3,0,0,0,1
332100001,4,0,0,0,1
332100001,0,0,0,0,1
332100001,7,0,0,0,1
332100001,5,0,0,0,1
332100002,2,0,0,0,0
332100002,1,0,0,0,0
332100002,6,0,0,0,0
332100002,3,0,0,0,0
332100002,4,0,0,0,0
332100002,0,0,0,0,0
332100002,7,0,0,0,0
332100002,5,0,0,0,0
332100002,2,0,0,0,1
332100002,1,0,0,0,1
332100002,6,0,0,0,1
332100002,3,0,0,0,1
332100002,4,0,0,0,1
332100002,0,0,0,0,1
332100002,7,0,0,0,1
332100002,5,0,0,0,1
331200000,5,0,0,0,0
331200000,2,0,0,0,0
331200000,6,0,0,0,0
331200000,3,0,0,0,0
331200000,4,0,0,0,0
331200000,1,0,0,0,0
331200000,0,0,0,0,0
331200000,5,0,0,0,1
331200000,2,0,0,0,1
331200000,6,0,0,0,1
331200000,3,0,0,0,1
331200000,4,0,0,0,1
331200000,1,0,0,0,1
331200000,0,0,0,0,1
331210000,2,0,0,0,0
331210000,1,0,0,0,0
331210000,6,0,0,0,0
331210000,3,0,0,0,0
331210000,4,0,0,0,0
331210000,0,0,0,0,0
331210000,7,0,0,0,0
331210000,5,0,0,0,0
331210000,2,0,0,0,1
331210000,1,0,0,0,1
331210000,6,0,0,0,1
331210000,3,0,0,0,1
331210000,4,0,0,0,1
331210000,0,0,0,0,1
331210000,7,0,0,0,1
331210000,5,0,0,0,1
331220000,2,0,0,0,0
331220000,1,0,0,0,0
331220000,6,0,0,0,0
331220000,3,0,0,0,0
331220000,4,0,0,0,0
331220000,0,0,0,0,0
331220000,7,0,0,0,0
331220000,5,0,0,0,0
331220000,2,0,0,0,1
331220000,1,0,0,0,1
331220000,6,0,0,0,1
331220000,3,0,0,0,1
331220000,4,0,0,0,1
331220000,0,0,0,0,1
331220000,7,0,0,0,1
331220000,5,0,0,0,1
331230000,2,0,0,0,0
331230000,1,0,0,0,0
331230000,6,0,0,0,0
331230000,3,0,0,0,0
331230000,4,0,0,0,0
331230000,0,0,0,0,0
331230000,7,0,0,0,0
331230000,5,0,0,0,0
331230000,2,0,0,0,1
331230000,1,0,0,0,1
331230000,6,0,0,0,1
331230000,3,0,0,0,1
331230000,4,0,0,0,1
331230000,0,0,0,0,1
331230000,7,0,0,0,1
331230000,5,0,0,0,1
331200010,2,0,0,0,0
331200010,1,0,0,0,0
331200010,6,0,0,0,0
331200010,3,0,0,0,0
331200010,4,0,0,0,0
331200010,0,0,0,0,0
331200010,7,0,0,0,0
331200010,5,0,0,0,0
331200010,2,0,0,0,1
331200010,1,0,0,0,1
331200010,6,0,0,0,1
331200010,3,0,0,0,1
331200010,4,0,0,0,1
331200010,0,0,0,0,1
331200010,7,0,0,0,1
331200010,5,0,0,0,1
331200020,2,0,0,0,0
331200020,1,0,0,0,0
331200020,6,0,0,0,0
331200020,3,0,0,0,0
331200020,4,0,0,0,0
331200020,0,0,0,0,0
331200020,7,0,0,0,0
331200020,5,0,0,0,0
331200020,2,0,0,0,1
331200020,1,0,0,0,1
331200020,6,0,0,0,1
331200020,3,0,0,0,1
331200020,4,0,0,0,1
331200020,0,0,0,0,1
331200020,7,0,0,0,1
331200020,5,0,0,0,1
331201000,2,0,0,0,0
331201000,1,0,0,0,0
331201000,6,0,0,0,0
331201000,3,0,0,0,0
331201000,4,0,0,0,0
331201000,0,0,0,0,0
331201000,7,0,0,0,0
331201000,5,0,0,0,0
331201000,2,0,0,0,1
331201000,1,0,0,0,1
331201000,6,0,0,0,1
331201000,3,0,0,0,1
331201000,4,0,0,0,1
331201000,0,0,0,0,1
331201000,7,0,0,0,1
331201000,5,0,0,0,1
331202000,2,0,0,0,0
331202000,1,0,0,0,0
331202000,6,0,0,0,0
331202000,3,0,0,0,0
331202000,4,0,0,0,0
331202000,0,0,0,0,0
331202000,7,0,0,0,0
331202000,5,0,0,0,0
331202000,2,0,0,0,1
331202000,1,0,0,0,1
331202000,6,0,0,0,1
331202000,3,0,0,0,1
331202000,4,0,0,0,1
331202000,0,0,0,0,1
331202000,7,0,0,0,1
331202000,5,0,0,0,1
331200100,2,0,0,0,0
331200100,1,0,0,0,0
331200100,6,0,0,0,0
331200100,3,0,0,0,0
331200100,4,0,0,0,0
331200100,0,0,0,0,0
331200100,7,0,0,0,0
331200100,5,0,0,0,0
331200100,2,0,0,0,1
331200100,1,0,0,0,1
331200100,6,0,0,0,1
331200100,3,0,0,0,1
331200100,4,0,0,0,1
331200100,0,0,0,0,1
331200100,7,0,0,0,1
331200100,5,0,0,0,1
331200001,2,0,0,0,0
331200001,1,0,0,0,0
331200001,6,0,0,0,0
331200001,3,0,0,0,0
331200001,4,0,0,0,0
331200001,0,0,0,0,0
331200001,7,0,0,0,0
331200001,5,0,0,0,0
331200001,2,0,0,0,1
331200001,1,0,0,0,1
331200001,6,0,0,0,1
331200001,3,0,0,0,1
331200001,4,0,0,0,1
331200001,0,0,0,0,1
331200001,7,0,0,0,1
331200001,5,0,0,0,1
331200002,2,0,0,0,0
331200002,1,0,0,0,0
331200002,6,0,0,0,0
331200002,3,0,0,0,0
331200002,4,0,0,0,0
331200002,0,0,0,0,0
331200002,7,0,0,0,0
331200002,5,0,0,0,0
331200002,2,0,0,0,1
331200002,1,0,0,0,1
331200002,6,0,0,0,1
331200002,3,0,0,0,1
331200002,4,0,0,0,1
331200002,0,0,0,0,1
331200002,7,0,0,0,1
331200002,5,0,0,0,1
332200000,5,0,0,0,0
332200000,2,0,0,0,0
332200000,6,0,0,0,0
332200000,3,0,0,0,0
332200000,4,0,0,0,0
332200000,1,0,0,0,0
332200000,0,0,0,0,0
332200000,5,0,0,0,1
332200000,2,0,0,0,1
332200000,6,0,0,0,1
332200000,3,0,0,0,1
332200000,4,0,0,0,1
332200000,1,0,0,0,1
332200000,0,0,0,0,1
332210000,2,0,0,0,0
332210000,1,0,0,0,0
332210000,6,0,0,0,0
332210000,3,0,0,0,0
332210000,4,0,0,0,0
332210000,0,0,0,0,0
332210000,7,0,0,0,0
332210000,5,0,0,0,0
332210000,2,0,0,0,1
332210000,1,0,0,0,1
332210000,6,0,0,0,1
332210000,3,0,0,0,1
332210000,4,0,0,0,1
332210000,0,0,0,0,1
332210000,7,0,0,0,1
332210000,5,0,0,0,1
332220000,2,0,0,0,0
332220000,1,0,0,0,0
332220000,6,0,0,0,0
332220000,3,0,0,0,0
332220000,4,0,0,0,0
332220000,0,0,0,0,0
332220000,7,0,0,0,0
332220000,5,0,0,0,0
332220000,2,0,0,0,1
332220000,1,0,0,0,1
332220000,6,0,0,0,1
332220000,3,0,0,0,1
332220000,4,0,0,0,1
332220000,0,0,0,0,1
332220000,7,0,0,0,1
332220000,5,0,0,0,1
332230000,2,0,0,0,0
332230000,1,0,0,0,0
332230000,6,0,0,0,0
332230000,3,0,0,0,0
332230000,4,0,0,0,0
332230000,0,0,0,0,0
332230000,7,0,0,0,0
332230000,5,0,0,0,0
332230000,2,0,0,0,1
332230000,1,0,0,0,1
332230000,6,0,0,0,1
332230000,3,0,0,0,1
332230000,4,0,0,0,1
332230000,0,0,0,0,1
332230000,7,0,0,0,1
332230000,5,0,0,0,1
332200010,2,0,0,0,0
332200010,1,0,0,0,0
332200010,6,0,0,0,0
332200010,3,0,0,0,0
332200010,4,0,0,0,0
332200010,0,0,0,0,0
332200010,7,0,0,0,0
332200010,5,0,0,0,0
332200010,2,0,0,0,1
332200010,1,0,0,0,1
332200010,6,0,0,0,1
332200010,3,0,0,0,1
332200010,4,0,0,0,1
332200010,0,0,0,0,1
332200010,7,0,0,0,1
332200010,5,0,0,0,1
332200020,2,0,0,0,0
332200020,1,0,0,0,0
332200020,6,0,0,0,0
332200020,3,0,0,0,0
332200020,4,0,0,0,0
332200020,0,0,0,0,0
332200020,7,0,0,0,0
332200020,5,0,0,0,0
332200020,2,0,0,0,1
332200020,1,0,0,0,1
332200020,6,0,0,0,1
332200020,3,0,0,0,1
332200020,4,0,0,0,1
332200020,0,0,0,0,1
332200020,7,0,0,0,1
332200020,5,0,0,0,1
332201000,2,0,0,0,0
332201000,1,0,0,0,0
332201000,6,0,0,0,0
332201000,3,0,0,0,0
332201000,4,0,0,0,0
332201000,0,0,0,0,0
332201000,7,0,0,0,0
332201000,5,0,0,0,0
332201000,2,0,0,0,1
332201000,1,0,0,0,1
332201000,6,0,0,0,1
332201000,3,0,0,0,1
332201000,4,0,0,0,1
332201000,0,0,0,0,1
332201000,7,0,0,0,1
332201000,5,0,0,0,1
332202000,2,0,0,0,0
332202000,1,0,0,0,0
332202000,6,0,0,0,0
332202000,3,0,0,0,0
332202000,4,0,0,0,0
332202000,0,0,0,0,0
332202000,7,0,0,0,0
332202000,5,0,0,0,0
332202000,2,0,0,0,1
332202000,1,0,0,0,1
332202000,6,0,0,0,1
332202000,3,0,0,0,1
332202000,4,0,0,0,1
332202000,0,0,0,0,1
332202000,7,0,0,0,1
332202000,5,0,0,0,1
332200100,2,0,0,0,0
332200100,1,0,0,0,0
332200100,6,0,0,0,0
332200100,3,0,0,0,0
332200100,4,0,0,0,0
332200100,0,0,0,0,0
332200100,7,0,0,0,0
332200100,5,0,0,0,0
332200100,2,0,0,0,1
332200100,1,0,0,0,1
332200100,6,0,0,0,1
332200100,3,0,0,0,1
332200100,4,0,0,0,1
332200100,0,0,0,0,1
332200100,7,0,0,0,1
332200100,5,0,0,0,1
332200001,2,0,0,0,0
332200001,1,0,0,0,0
332200001,6,0,0,0,0
332200001,3,0,0,0,0
332200001,4,0,0,0,0
332200001,0,0,0,0,0
332200001,7,0,0,0,0
332200001,5,0,0,0,0
332200001,2,0,0,0,1
332200001,1,0,0,0,1
332200001,6,0,0,0,1
332200001,3,0,0,0,1
332200001,4,0,0,0,1
332200001,0,0,0,0,1
332200001,7,0,0,0,1
332200001,5,0,0,0,1
332200002,2,0,0,0,0
332200002,1,0,0,0,0
332200002,6,0,0,0,0
332200002,3,0,0,0,0
332200002,4,0,0,0,0
332200002,0,0,0,0,0
332200002,7,0,0,0,0
332200002,5,0,0,0,0
332200002,2,0,0,0,1
332200002,1,0,0,0,1
332200002,6,0,0,0,1
332200002,3,0,0,0,1
332200002,4,0,0,0,1
332200002,0,0,0,0,1
332200002,7,0,0,0,1
332200002,5,0,0,0,1
341100000,5,0,0,0,0
341100000,2,0,0,0,0
341100000,6,0,0,0,0
341100000,3,0,0,0,0
341100000,4,0,0,0,0
341100000,1,0,0,0,0
341100000,0,0,0,0,0
341100000,5,0,0,0,1
341100000,2,0,0,0,1
341100000,6,0,0,0,1
341100000,3,0,0,0,1
341100000,4,0,0,0,1
341100000,1,0,0,0,1
341100000,0,0,0,0,1
341110000,2,0,0,0,0
341110000,1,0,0,0,0
341110000,6,0,0,0,0
341110000,3,0,0,0,0
341110000,4,0,0,0,0
341110000,0,0,0,0,0
341110000,7,0,0,0,0
341110000,5,0,0,0,0
341110000,2,0,0,0,1
341110000,1,0,0,0,1
341110000,6,0,0,0,1
341110000,3,0,0,0,1
341110000,4,0,0,0,1
341110000,0,0,0,0,1
341110000,7,0,0,0,1
341110000,5,0,0,0,1
341120000,2,0,0,0,0
341120000,1,0,0,0,0
341120000,6,0,0,0,0
341120000,3,0,0,0,0
341120000,4,0,0,0,0
341120000,0,0,0,0,0
341120000,7,0,0,0,0
341120000,5,0,0,0,0
341120000,2,0,0,0,1
341120000,1,0,0,0,1
341120000,6,0,0,0,1
341120000,3,0,0,0,1
341120000,4,0,0,0,1
341120000,0,0,0,0,1
341120000,7,0,0,0,1
341120000,5,0,0,0,1
341130000,2,0,0,0,0
341130000,1,0,0,0,0
341130000,6,0,0,0,0
341130000,3,0,0,0,0
341130000,4,0,0,0,0
341130000,0,0,0,0,0
341130000,7,0,0,0,0
341130000,5,0,0,0,0
341130000,2,0,0,0,1
341130000,1,0,0,0,1
341130000,6,0,0,0,1
341130000,3,0,0,0,1
341130000,4,0,0,0,1
341130000,0,0,0,0,1
341130000,7,0,0,0,1
341130000,5,0,0,0,1
341100010,2,0,0,0,0
341100010,1,0,0,0,0
341100010,6,0,0,0,0
341100010,3,0,0,0,0
341100010,4,0,0,0,0
341100010,0,0,0,0,0
341100010,7,0,0,0,0
341100010,5,0,0,0,0
341100010,2,0,0,0,1
341100010,1,0,0,0,1
341100010,6,0,0,0,1
341100010,3,0,0,0,1
341100010,4,0,0,0,1
341100010,0,0,0,0,1
341100010,7,0,0,0,1
341100010,5,0,0,0,1
341100020,2,0,0,0,0
341100020,1,0,0,0,0
341100020,6,0,0,0,0
341100020,3,0,0,0,0
341100020,4,0,0,0,0
341100020,0,0,0,0,0
341100020,7,0,0,0,0
341100020,5,0,0,0,0
341100020,2,0,0,0,1
341100020,1,0,0,0,1
341100020,6,0,0,0,1
341100020,3,0,0,0,1
341100020,4,0,0,0,1
341100020,0,0,0,0,1
341100020,7,0,0,0,1
341100020,5,0,0,0,1
341101000,2,0,0,0,0
341101000,1,0,0,0,0
341101000,6,0,0,0,0
341101000,3,0,0,0,0
341101000,4,0,0,0,0
341101000,0,0,0,0,0
341101000,7,0,0,0,0
341101000,5,0,0,0,0
341101000,2,0,0,0,1
341101000,1,0,0,0,1
341101000,6,0,0,0,1
341101000,3,0,0,0,1
341101000,4,0,0,0,1
341101000,0,0,0,0,1
341101000,7,0,0,0,1
341101000,5,0,0,0,1
341102000,2,0,0,0,0
341102000,1,0,0,0,0
341102000,6,0,0,0,0
341102000,3,0,0,0,0
341102000,4,0,0,0,0
341102000,0,0,0,0,0
341102000,7,0,0,0,0
341102000,5,0,0,0,0
341102000,2,0,0,0,1
341102000,1,0,0,0,1
341102000,6,0,0,0,1
341102000,3,0,0,0,1
341102000,4,0,0,0,1
341102000,0,0,0,0,1
341102000,7,0,0,0,1
341102000,5,0,0,0,1
341100100,2,0,0,0,0
341100100,1,0,0,0,0
341100100,6,0,0,0,0
341100100,3,0,0,0,0
341100100,4,0,0,0,0
341100100,0,0,0,0,0
341100100,7,0,0,0,0
341100100,5,0,0,0,0
341100100,2,0,0,0,1
341100100,1,0,0,0,1
341100100,6,0,0,0,1
341100100,3,0,0,0,1
341100100,4,0,0,0,1
341100100,0,0,0,0,1
341100100,7,0,0,0,1
341100100,5,0,0,0,1
341100001,2,0,0,0,0
341100001,1,0,0,0,0
341100001,6,0,0,0,0
341100001,3,0,0,0,0
341100001,4,0,0,0,0
341100001,0,0,0,0,0
341100001,7,0,0,0,0
341100001,5,0,0,0,0
341100001,2,0,0,0,1
341100001,1,0,0,0,1
341100001,6,0,0,0,1
341100001,3,0,0,0,1
341100001,4,0,0,0,1
341100001,0,0,0,0,1
341100001,7,0,0,0,1
341100001,5,0,0,0,1
341100002,2,0,0,0,0
341100002,1,0,0,0,0
341100002,6,0,0,0,0
341100002,3,0,0,0,0
341100002,4,0,0,0,0
341100002,0,0,0,0,0
341100002,7,0,0,0,0
341100002,5,0,0,0,0
341100002,2,0,0,0,1
341100002,1,0,0,0,1
341100002,6,0,0,0,1
341100002,3,0,0,0,1
341100002,4,0,0,0,1
341100002,0,0,0,0,1
341100002,7,0,0,0,1
341100002,5,0,0,0,1
342100000,5,0,0,0,0
342100000,2,0,0,0,0
342100000,6,0,0,0,0
342100000,3,0,0,0,0
342100000,4,0,0,0,0
342100000,1,0,0,0,0
342100000,0,0,0,0,0
342100000,5,0,0,0,1
342100000,2,0,0,0,1
342100000,6,0,0,0,1
342100000,3,0,0,0,1
342100000,4,0,0,0,1
342100000,1,0,0,0,1
342100000,0,0,0,0,1
342110000,2,0,0,0,0
342110000,1,0,0,0,0
342110000,6,0,0,0,0
342110000,3,0,0,0,0
342110000,4,0,0,0,0
342110000,0,0,0,0,0
342110000,7,0,0,0,0
342110000,5,0,0,0,0
342110000,2,0,0,0,1
342110000,1,0,0,0,1
342110000,6,0,0,0,1
342110000,3,0,0,0,1
342110000,4,0,0,0,1
342110000,0,0,0,0,1
342110000,7,0,0,0,1
342110000,5,0,0,0,1
342120000,2,0,0,0,0
342120000,1,0,0,0,0
342120000,6,0,0,0,0
342120000,3,0,0,0,0
342120000,4,0,0,0,0
342120000,0,0,0,0,0
342120000,7,0,0,0,0
342120000,5,0,0,0,0
342120000,2,0,0,0,1
342120000,1,0,0,0,1
342120000,6,0,0,0,1
342120000,3,0,0,0,1
342120000,4,0,0,0,1
342120000,0,0,0,0,1
342120000,7,0,0,0,1
342120000,5,0,0,0,1
342130000,2,0,0,0,0
342130000,1,0,0,0,0
342130000,6,0,0,0,0
342130000,3,0,0,0,0
342130000,4,0,0,0,0
342130000,0,0,0,0,0
342130000,7,0,0,0,0
342130000,5,0,0,0,0
342130000,2,0,0,0,1
342130000,1,0,0,0,1
342130000,6,0,0,0,1
342130000,3,0,0,0,1
342130000,4,0,0,0,1
342130000,0,0,0,0,1
342130000,7,0,0,0,1
342130000,5,0,0,0,1
342100010,2,0,0,0,0
342100010,1,0,0,0,0
342100010,6,0,0,0,0
342100010,3,0,0,0,0
342100010,4,0,0,0,0
342100010,0,0,0,0,0
342100010,7,0,0,0,0
342100010,5,0,0,0,0
342100010,2,0,0,0,1
342100010,1,0,0,0,1
342100010,6,0,0,0,1
342100010,3,0,0,0,1
342100010,4,0,0,0,1
342100010,0,0,0,0,1
342100010,7,0,0,0,1
342100010,5,0,0,0,1
342100020,2,0,0,0,0
342100020,1,0,0,0,0
342100020,6,0,0,0,0
342100020,3,0,0,0,0
342100020,4,0,0,0,0
342100020,0,0,0,0,0
342100020,7,0,0,0,0
342100020,5,0,0,0,0
342100020,2,0,0,0,1
342100020,1,0,0,0,1
342100020,6,0,0,0,1
342100020,3,0,0,0,1
342100020,4,0,0,0,1
342100020,0,0,0,0,1
342100020,7,0,0,0,1
342100020,5,0,0,0,1
342101000,2,0,0,0,0
342101000,1,0,0,0,0
342101000,6,0,0,0,0
342101000,3,0,0,0,0
342101000,4,0,0,0,0
342101000,0,0,0,0,0
342101000,7,0,0,0,0
342101000,5,0,0,0,0
342101000,2,0,0,0,1
342101000,1,0,0,0,1
342101000,6,0,0,0,1
342101000,3,0,0,0,1
342101000,4,0,0,0,1
342101000,0,0,0,0,1
342101000,7,0,0,0,1
342101000,5,0,0,0,1
342102000,2,0,0,0,0
342102000,1,0,0,0,0
342102000,6,0,0,0,0
342102000,3,0,0,0,0
342102000,4,0,0,0,0
342102000,0,0,0,0,0
342102000,7,0,0,0,0
342102000,5,0,0,0,0
342102000,2,0,0,0,1
342102000,1,0,0,0,1
342102000,6,0,0,0,1
342102000,3,0,0,0,1
342102000,4,0,0,0,1
342102000,0,0,0,0,1
342102000,7,0,0,0,1
342102000,5,0,0,0,1
342100100,2,0,0,0,0
342100100,1,0,0,0,0
342100100,6,0,0,0,0
342100100,3,0,0,0,0
342100100,4,0,0,0,0
342100100,0,0,0,0,0
342100100,7,0,0,0,0
342100100,5,0,0,0,0
342100100,2,0,0,0,1
342100100,1,0,0,0,1
342100100,6,0,0,0,1
342100100,3,0,0,0,1
342100100,4,0,0,0,1
342100100,0,0,0,0,1
342100100,7,0,0,0,1
342100100,5,0,0,0,1
342100001,2,0,0,0,0
342100001,1,0,0,0,0
342100001,6,0,0,0,0
342100001,3,0,0,0,0
342100001,4,0,0,0,0
342100001,0,0,0,0,0
342100001,7,0,0,0,0
342100001,5,0,0,0,0
342100001,2,0,0,0,1
342100001,1,0,0,0,1
342100001,6,0,0,0,1
342100001,3,0,0,0,1
342100001,4,0,0,0,1
342100001,0,0,0,0,1
342100001,7,0,0,0,1
342100001,5,0,0,0,1
342100002,2,0,0,0,0
342100002,1,0,0,0,0
342100002,6,0,0,0,0
342100002,3,0,0,0,0
342100002,4,0,0,0,0
342100002,0,0,0,0,0
342100002,7,0,0,0,0
342100002,5,0,0,0,0
342100002,2,0,0,0,1
342100002,1,0,0,0,1
342100002,6,0,0,0,1
342100002,3,0,0,0,1
342100002,4,0,0,0,1
342100002,0,0,0,0,1
342100002,7,0,0,0,1
342100002,5,0,0,0,1
341200000,5,0,0,0,0
341200000,2,0,0,0,0
341200000,6,0,0,0,0
341200000,3,0,0,0,0
341200000,4,0,0,0,0
341200000,1,0,0,0,0
341200000,0,0,0,0,0
341200000,5,0,0,0,1
341200000,2,0,0,0,1
341200000,6,0,0,0,1
341200000,3,0,0,0,1
341200000,4,0,0,0,1
341200000,1,0,0,0,1
341200000,0,0,0,0,1
341210000,2,0,0,0,0
341210000,1,0,0,0,0
341210000,6,0,0,0,0
341210000,3,0,0,0,0
341210000,4,0,0,0,0
341210000,0,0,0,0,0
341210000,7,0,0,0,0
341210000,5,0,0,0,0
341210000,2,0,0,0,1
341210000,1,0,0,0,1
341210000,6,0,0,0,1
341210000,3,0,0,0,1
341210000,4,0,0,0,1
341210000,0,0,0,0,1
341210000,7,0,0,0,1
341210000,5,0,0,0,1
341220000,2,0,0,0,0
341220000,1,0,0,0,0
341220000,6,0,0,0,0
341220000,3,0,0,0,0
341220000,4,0,0,0,0
341220000,0,0,0,0,0
341220000,7,0,0,0,0
341220000,5,0,0,0,0
341220000,2,0,0,0,1
341220000,1,0,0,0,1
341220000,6,0,0,0,1
341220000,3,0,0,0,1
341220000,4,0,0,0,1
341220000,0,0,0,0,1
341220000,7,0,0,0,1
341220000,5,0,0,0,1
341230000,2,0,0,0,0
341230000,1,0,0,0,0
341230000,6,0,0,0,0
341230000,3,0,0,0,0
341230000,4,0,0,0,0
341230000,0,0,0,0,0
341230000,7,0,0,0,0
341230000,5,0,0,0,0
341230000,2,0,0,0,1
341230000,1,0,0,0,1
341230000,6,0,0,0,1
341230000,3,0,0,0,1
341230000,4,0,0,0,1
341230000,0,0,0,0,1
341230000,7,0,0,0,1
341230000,5,0,0,0,1
341200010,2,0,0,0,0
341200010,1,0,0,0,0
341200010,6,0,0,0,0
341200010,3,0,0,0,0
341200010,4,0,0,0,0
341200010,0,0,0,0,0
341200010,7,0,0,0,0
341200010,5,0,0,0,0
341200010,2,0,0,0,1
341200010,1,0,0,0,1
341200010,6,0,0,0,1
341200010,3,0,0,0,1
341200010,4,0,0,0,1
341200010,0,0,0,0,1
341200010,7,0,0,0,1
341200010,5,0,0,0,1
341200020,2,0,0,0,0
341200020,1,0,0,0,0
341200020,6,0,0,0,0
341200020,3,0,0,0,0
341200020,4,0,0,0,0
341200020,0,0,0,0,0
341200020,7,0,0,0,0
341200020,5,0,0,0,0
341200020,2,0,0,0,1
341200020,1,0,0,0,1
341200020,6,0,0,0,1
341200020,3,0,0,0,1
341200020,4,0,0,0,1
341200020,0,0,0,0,1
341200020,7,0,0,0,1
341200020,5,0,0,0,1
341201000,2,0,0,0,0
341201000,1,0,0,0,0
341201000,6,0,0,0,0
341201000,3,0,0,0,0
341201000,4,0,0,0,0
341201000,0,0,0,0,0
341201000,7,0,0,0,0
341201000,5,0,0,0,0
341201000,2,0,0,0,1
341201000,1,0,0,0,1
341201000,6,0,0,0,1
341201000,3,0,0,0,1
341201000,4,0,0,0,1
341201000,0,0,0,0,1
341201000,7,0,0,0,1
341201000,5,0,0,0,1
341202000,2,0,0,0,0
341202000,1,0,0,0,0
341202000,6,0,0,0,0
341202000,3,0,0,0,0
341202000,4,0,0,0,0
341202000,0,0,0,0,0
341202000,7,0,0,0,0
341202000,5,0,0,0,0
341202000,2,0,0,0,1
341202000,1,0,0,0,1
341202000,6,0,0,0,1
341202000,3,0,0,0,1
341202000,4,0,0,0,1
341202000,0,0,0,0,1
341202000,7,0,0,0,1
341202000,5,0,0,0,1
341200100,2,0,0,0,0
341200100,1,0,0,0,0
341200100,6,0,0,0,0
341200100,3,0,0,0,0
341200100,4,0,0,0,0
341200100,0,0,0,0,0
341200100,7,0,0,0,0
341200100,5,0,0,0,0
341200100,2,0,0,0,1
341200100,1,0,0,0,1
341200100,6,0,0,0,1
341200100,3,0,0,0,1
341200100,4,0,0,0,1
341200100,0,0,0,0,1
341200100,7,0,0,0,1
341200100,5,0,0,0,1
341200001,2,0,0,0,0
341200001,1,0,0,0,0
341200001,6,0,0,0,0
341200001,3,0,0,0,0
341200001,4,0,0,0,0
341200001,0,0,0,0,0
341200001,7,0,0,0,0
341200001,5,0,0,0,0
341200001,2,0,0,0,1
341200001,1,0,0,0,1
341200001,6,0,0,0,1
341200001,3,0,0,0,1
341200001,4,0,0,0,1
341200001,0,0,0,0,1
341200001,7,0,0,0,1
341200001,5,0,0,0,1
341200002,2,0,0,0,0
341200002,1,0,0,0,0
341200002,6,0,0,0,0
341200002,3,0,0,0,0
341200002,4,0,0,0,0
341200002,0,0,0,0,0
341200002,7,0,0,0,0
341200002,5,0,0,0,0
341200002,2,0,0,0,1
341200002,1,0,0,0,1
341200002,6,0,0,0,1
341200002,3,0,0,0,1
341200002,4,0,0,0,1
341200002,0,0,0,0,1
341200002,7,0,0,0,1
341200002,5,0,0,0,1
342200000,5,0,0,0,0
342200000,2,0,0,0,0
342200000,6,0,0,0,0
342200000,3,0,0,0,0
342200000,4,0,0,0,0
342200000,1,0,0,0,0
342200000,0,0,0,0,0
342200000,5,0,0,0,1
342200000,2,0,0,0,1
342200000,6,0,0,0,1
342200000,3,0,0,0,1
342200000,4,0,0,0,1
342200000,1,0,0,0,1
342200000,0,0,0,0,1
342210000,2,0,0,0,0
342210000,1,0,0,0,0
342210000,6,0,0,0,0
342210000,3,0,0,0,0
342210000,4,0,0,0,0
342210000,0,0,0,0,0
342210000,7,0,0,0,0
342210000,5,0,0,0,0
342210000,2,0,0,0,1
342210000,1,0,0,0,1
342210000,6,0,0,0,1
342210000,3,0,0,0,1
342210000,4,0,0,0,1
342210000,0,0,0,0,1
342210000,7,0,0,0,1
342210000,5,0,0,0,1
342220000,2,0,0,0,0
342220000,1,0,0,0,0
342220000,6,0,0,0,0
342220000,3,0,0,0,0
342220000,4,0,0,0,0
342220000,0,0,0,0,0
342220000,7,0,0,0,0
342220000,5,0,0,0,0
342220000,2,0,0,0,1
342220000,1,0,0,0,1
342220000,6,0,0,0,1
342220000,3,0,0,0,1
342220000,4,0,0,0,1
342220000,0,0,0,0,1
342220000,7,0,0,0,1
342220000,5,0,0,0,1
342230000,2,0,0,0,0
342230000,1,0,0,0,0
342230000,6,0,0,0,0
342230000,3,0,0,0,0
342230000,4,0,0,0,0
342230000,0,0,0,0,0
342230000,7,0,0,0,0
342230000,5,0,0,0,0
342230000,2,0,0,0,1
342230000,1,0,0,0,1
342230000,6,0,0,0,1
342230000,3,0,0,0,1
342230000,4,0,0,0,1
342230000,0,0,0,0,1
342230000,7,0,0,0,1
342230000,5,0,0,0,1
342200010,2,0,0,0,0
342200010,1,0,0,0,0
342200010,6,0,0,0,0
342200010,3,0,0,0,0
342200010,4,0,0,0,0
342200010,0,0,0,0,0
342200010,7,0,0,0,0
342200010,5,0,0,0,0
342200010,2,0,0,0,1
342200010,1,0,0,0,1
342200010,6,0,0,0,1
342200010,3,0,0,0,1
342200010,4,0,0,0,1
342200010,0,0,0,0,1
342200010,7,0,0,0,1
342200010,5,0,0,0,1
342200020,2,0,0,0,0
342200020,1,0,0,0,0
342200020,6,0,0,0,0
342200020,3,0,0,0,0
342200020,4,0,0,0,0
342200020,0,0,0,0,0
342200020,7,0,0,0,0
342200020,5,0,0,0,0
342200020,2,0,0,0,1
342200020,1,0,0,0,1
342200020,6,0,0,0,1
342200020,3,0,0,0,1
342200020,4,0,0,0,1
342200020,0,0,0,0,1
342200020,7,0,0,0,1
342200020,5,0,0,0,1
342201000,2,0,0,0,0
342201000,1,0,0,0,0
342201000,6,0,0,0,0
342201000,3,0,0,0,0
342201000,4,0,0,0,0
342201000,0,0,0,0,0
342201000,7,0,0,0,0
342201000,5,0,0,0,0
342201000,2,0,0,0,1
342201000,1,0,0,0,1
342201000,6,0,0,0,1
342201000,3,0,0,0,1
342201000,4,0,0,0,1
342201000,0,0,0,0,1
342201000,7,0,0,0,1
342201000,5,0,0,0,1
342202000,2,0,0,0,0
342202000,1,0,0,0,0
342202000,6,0,0,0,0
342202000,3,0,0,0,0
342202000,4,0,0,0,0
342202000,0,0,0,0,0
342202000,7,0,0,0,0
342202000,5,0,0,0,0
342202000,2,0,0,0,1
342202000,1,0,0,0,1
342202000,6,0,0,0,1
342202000,3,0,0,0,1
342202000,4,0,0,0,1
342202000,0,0,0,0,1
342202000,7,0,0,0,1
342202000,5,0,0,0,1
342200100,2,0,0,0,0
342200100,1,0,0,0,0
342200100,6,0,0,0,0
342200100,3,0,0,0,0
342200100,4,0,0,0,0
342200100,0,0,0,0,0
342200100,7,0,0,0,0
342200100,5,0,0,0,0
342200100,2,0,0,0,1
342200100,1,0,0,0,1
342200100,6,0,0,0,1
342200100,3,0,0,0,1
342200100,4,0,0,0,1
342200100,0,0,0,0,1
342200100,7,0,0,0,1
342200100,5,0,0,0,1
342200001,2,0,0,0,0
342200001,1,0,0,0,0
342200001,6,0,0,0,0
342200001,3,0,0,0,0
342200001,4,0,0,0,0
342200001,0,0,0,0,0
342200001,7,0,0,0,0
342200001,5,0,0,0,0
342200001,2,0,0,0,1
342200001,1,0,0,0,1
342200001,6,0,0,0,1
342200001,3,0,0,0,1
342200001,4,0,0,0,1
342200001,0,0,0,0,1
342200001,7,0,0,0,1
342200001,5,0,0,0,1
342200002,2,0,0,0,0
342200002,1,0,0,0,0
342200002,6,0,0,0,0
342200002,3,0,0,0,0
342200002,4,0,0,0,0
342200002,0,0,0,0,0
342200002,7,0,0,0,0
342200002,5,0,0,0,0
342200002,2,0,0,0,1
342200002,1,0,0,0,1
342200002,6,0,0,0,1
342200002,3,0,0,0,1
342200002,4,0,0,0,1
342200002,0,0,0,0,1
342200002,7,0,0,0,1
342200002,5,0,0,0,1
